{"cameraMode":{"drawMode":0,"name":"Shaded","section":"Shading Mode"},"sceneLighting":false,"audioPlay":false,"sceneViewState":{"showFog":true,"showMaterialUpdate":false,"showSkybox":true,"showFlares":true,"showImageEffects":true,"showParticleSystems":true},"in2DMode":false,"pivot":{"x":64.9981460571289,"y":5.755598068237305,"z":53.65010070800781},"rotation":{"x":0.037673212587833408,"y":-0.9343549609184265,"z":0.10390577465295792,"w":0.3387700915336609},"size":31.282440185546876,"orthographic":false}