{"cameraMode":{"drawMode":0,"name":"Shaded","section":"Shading Mode"},"sceneLighting":false,"audioPlay":false,"sceneViewState":{"showFog":true,"showMaterialUpdate":false,"showSkybox":true,"showFlares":true,"showImageEffects":true,"showParticleSystems":true},"in2DMode":false,"pivot":{"x":94.45795440673828,"y":-25.150623321533204,"z":107.3756332397461},"rotation":{"x":0.25290703773498537,"y":0.3151770830154419,"z":-0.08754000812768936,"w":0.9105153679847717},"size":83.2228775024414,"orthographic":false}