{"cameraMode":{"drawMode":0,"name":"Shaded","section":"Shading Mode"},"sceneLighting":true,"audioPlay":false,"sceneViewState":{"showFog":true,"showMaterialUpdate":false,"showSkybox":true,"showFlares":true,"showImageEffects":true,"showParticleSystems":true},"in2DMode":false,"pivot":{"x":-22.381977081298829,"y":-6.0970234870910648,"z":2.5760865211486818},"rotation":{"x":-0.12459807097911835,"y":0.6517851948738098,"z":-0.10974366217851639,"w":-0.7400052547454834},"size":31.11441421508789,"orthographic":false}