{"cameraMode":{"drawMode":0,"name":"Shaded","section":"Shading Mode"},"sceneLighting":false,"audioPlay":false,"sceneViewState":{"showFog":true,"showMaterialUpdate":false,"showSkybox":true,"showFlares":true,"showImageEffects":true,"showParticleSystems":true},"in2DMode":false,"pivot":{"x":50.720001220703128,"y":1.2999999523162842,"z":50.34000015258789},"rotation":{"x":-0.4065077006816864,"y":-0.34068185091018679,"z":0.16660679876804353,"w":-0.8312217593193054},"size":1.4289418458938599,"orthographic":false}